/Users/souvik/sample/weather/.git/objects/53/7d0d26470dd6e621a14eedb16ef9bc5556e051,3f06952ef52eb77b58dc8e338b2705a7
/Users/souvik/sample/weather/.git/description,a0a7c3fff21f2aea3cfa1d0316dd816c
/Users/souvik/sample/weather/.git/objects/f1/5c4074a5ca0a9968053849011b94646e58be60,27a09dd483532481c1f7786b75ccba30
/Users/souvik/sample/weather/target/classes/com/webaction/weather/weatherbean/Atmosphere.class,7bbb305efbcf972e4cc118e889658e94
/Users/souvik/sample/weather/target/weather-1.0.0-SNAPSHOT.jar,6f32e16b883000d8d815b543c8e3c51b
/Users/souvik/sample/weather/src/main/java/com/webaction/weather/weatherbean/Channel.java,ded647f2a48a8e822d6e1e1be39eaf45
/Users/souvik/sample/weather/.git/objects/e8/231718b09dd40f7071ad1bfb97038a0644708f,3515d5533517f72f3f98836f5650cc12
/Users/souvik/sample/weather/src/test/java/com/webaction/.DS_Store,841c193a5b103581e9ee029df13a911f
/Users/souvik/sample/weather/.git/objects/5b/874203506a311ae9b3723d630d9272891b00ca,a8b85220c63e8dd7b2e32b95e4f22bb1
/Users/souvik/sample/weather/target/classes/com/webaction/weather/YahooRetriever.class,52f2ef5931b19b25e71be4dd7b2d27f1
/Users/souvik/sample/weather/.git/objects/f3/a1d3d03ffb4d14b239bb58d324cf1882bf5b6b,1ee731ea4130a94280d8291b81afe783
/Users/souvik/sample/weather/.git/objects/1e/9645367abd875c72b5ae1463fc9c27d0cf215d,90f0811626abb6f372398051dbc0ce94
/Users/souvik/sample/weather/.git/objects/fe/c6ca65789b9e9672ce309a85af77d670699fc5,72ee44b03023a114b8f8b5d367defadb
/Users/souvik/sample/weather/target/maven-status/maven-compiler-plugin/compile/default-compile/inputFiles.lst,46cb679df4df086a0351dcae755db711
/Users/souvik/sample/weather/.git/objects/42/a16d7a8e7cec84e92b0050b7669797ba0278b7,a531ce747e0adc95fda763baf7a8edd0
/Users/souvik/sample/weather/.git/objects/ff/5686c59913ac6c9c6a270afc10657cec844f05,54a37d0ae46893210d18ce8828b8c909
/Users/souvik/sample/weather/.git/objects/a1/3916d012561d52d33170d5d5105d1e76c7cf25,9857bb98c6621809fd76c5928ab6d76a
/Users/souvik/sample/weather/.git/objects/f2/a1f929c07b18a13af6ed15412ab90193add88c,3dab13793c7050d64811329608d1d315
/Users/souvik/sample/weather/target/classes/com/webaction/weather/weatherbean/Units.class,05744d92b3b8df17c563e1e3f9941e41
/Users/souvik/sample/weather/target/classes/com/webaction/weather/weatherbean/Channel.class,caa71babb1ab7c6fd06bca2d8f13fcb9
/Users/souvik/sample/weather/.git/objects/6e/70552fda38b5ba437ab1563db6a4eac7b91d19,dea9b1b8b8d3a2b77f6fe0628ae9118b
/Users/souvik/sample/weather/.git/objects/b4/891dbb672ca92905e35938f37f0f206ca7bbef,089b5acb21afaf158370945e444acef2
/Users/souvik/sample/weather/.git/hooks/update.sample,f51b02427757e79621b5235d7efdf117
/Users/souvik/sample/weather/.git/objects/09/f1efb60976bf7841568c3dcb393c207adc862d,f75366e60974fb1319deec2f1cbe3a1f
/Users/souvik/sample/weather/src/main/java/.DS_Store,4aed982e5fb1eeed5496328470c1162e
/Users/souvik/sample/weather/.git/objects/58/5ab009428453f96b8312a7e01e1978d2f91852,5641dee203261e766f3f20907b1197a2
/Users/souvik/sample/weather/.git/objects/a0/2c4032c254b89653b656d74ca8ca66589fdf97,37ed66ef9c2cd8decb690263220bf534
/Users/souvik/sample/weather/.git/objects/f1/1d734dbf719ab71d08bf85f49309b3f36bbc04,774a96eee8f0de7a0bb434360cb1eacd
/Users/souvik/sample/weather/src/main/java/com/.DS_Store,90807d95bc40e1f2bb235be88fe10a9d
/Users/souvik/sample/weather/.git/hooks/pre-push.sample,3c5989301dd4b949dfa1f43738a22819
/Users/souvik/sample/weather/.git/objects/1e/2a2155729cef2982099e9fe707d5459592bdbd,8d0a51622c29595f7d2550f17e8fad48
/Users/souvik/sample/weather/.git/objects/3e/eb96d5bbd01168b11ea5bb7421ae9e618c18dd,9a0a3b3a2d919fd02ebe4b4031898cff
/Users/souvik/sample/weather/.git/config,86d740137619807470c128dc3cea33d0
/Users/souvik/sample/weather/src/main/java/com/webaction/weather/Main.java,f2347105a034f202e112f6b09fbed7d2
/Users/souvik/sample/weather/target/classes/com/webaction/weather/YahooParser.class,c7ca2515cd0f0b1d31d64b08658fe359
/Users/souvik/sample/weather/src/test/java/.DS_Store,4aed982e5fb1eeed5496328470c1162e
/Users/souvik/sample/weather/.git/objects/80/ab7a1527d3375d626ce926d1082d4773f0be71,817fb9ee35aaa8196e9c71dd10c56f6a
/Users/souvik/sample/weather/target/classes/com/webaction/weather/weatherbean/Results.class,192e2f997159aedb738de28cc906daa0
/Users/souvik/sample/weather/.git/objects/1f/84af8ea4d3c6870489af5a31343048bf8bbb96,651cb44182c04828098f7400e2078edf
/Users/souvik/sample/weather/.git/objects/f2/d7e346c3852c360f9c0b7677602fd3d1c45a22,d07b8c1d8f207999a39a6bcb7f3e6cdc
/Users/souvik/sample/weather/.git/objects/60/eb5b9baab62caab1cbc4d22beceb34b73a7d3a,a082106ce2385c9ae0892b7c4163289d
/Users/souvik/sample/weather/src/main/java/com/webaction/.DS_Store,841c193a5b103581e9ee029df13a911f
/Users/souvik/sample/weather/.git/objects/02/3cc613785d35b42f87a8d90a824221771bffe8,42b0dadfd5a6290c1f8bd75ce2c6ca1a
/Users/souvik/sample/weather/.git/objects/af/c144f5095a3fa7220f628188ab8331a5244376,9d04b065f40a4b59cf0a9daedeec2422
/Users/souvik/sample/weather/src/main/java/com/webaction/weather/weatherbean/Units.java,7d5e1bc19c17f7324e868f35c90076b1
/Users/souvik/sample/weather/.git/objects/d7/e865b2cda27e611f734ae6bf493624d10e05bf,556ef10cec7683d30a8c147c42e60c22
/Users/souvik/sample/weather/.git/refs/remotes/origin/master,8aa33db113fb18b45bb5a9f214ec4052
/Users/souvik/sample/weather/.git/objects/28/d972c360db2f8b6bfa6d0ccd412cb860298cae,0ea83519d43a9191ed6e1a3580a8ed0f
/Users/souvik/sample/weather/.git/objects/22/798fde82ce930dede110e1d73909e909b140a5,492fd09ee24430725297ce3acbe4fa92
/Users/souvik/sample/weather/src/main/.DS_Store,9511a1da87a2d79c5bcb792512efbbd5
/Users/souvik/sample/weather/src/main/java/com/webaction/weather/weatherbean/Atmosphere.java,bf2b9445a61a8fd4070d037be78793a7
/Users/souvik/sample/weather/src/.DS_Store,9903d2cd82dab0117bfe787e8f0e7e64
/Users/souvik/sample/weather/src/test/java/com/webaction/weather/.DS_Store,194577a7e20bdcc7afbb718f502c134c
/Users/souvik/sample/weather/target/classes/com/webaction/weather/weatherbean/Image.class,a667b86d7c6e392f7a9e2d00d0d5ea6b
/Users/souvik/sample/weather/.git/hooks/pre-applypatch.sample,a4a7e457b55b5ac2877f7973dbba37e9
/Users/souvik/sample/weather/.git/objects/0b/e9482ff85dba4ae4a1feff6fc52fab0b4c45b9,e0d6b00f7538b361700c4a4ffcb26999
/Users/souvik/sample/weather/target/classes/log4j.properties,5df9d5317308bfdcd74737d35cb80523
/Users/souvik/sample/weather/.git/objects/33/acaa6fe492ade286575f3b1a71b634be7507b0,1f6a6eca399cf230821017f1eda22073
/Users/souvik/sample/weather/.git/objects/50/08ddfcf53c02e82d7eee2e57c38e5672ef89f6,d18c553584a7393b594e374cfe29b727
/Users/souvik/sample/weather/src/main/java/com/webaction/weather/weatherbean/Wind.java,65ff0dbed105a0bc5436d826a2aa8589
/Users/souvik/sample/weather/.git/objects/40/169da8bf05c16662f8a4402098293315976774,fa70ea2a0a784669a5f0b356252d357f
/Users/souvik/sample/weather/.git/objects/e7/8828d774c3f5fe0e8b56b67d8ff6eee4f58213,c3d2b0d704b7ebf79e4a0508406d678b
/Users/souvik/sample/weather/src/main/resources/.DS_Store,77564de04ee5af27042eae2a634f259c
/Users/souvik/sample/weather/.git/objects/41/cb144300ed187cd5e3a6b4db23fefa7c13ffbe,47b9741abed3b5456b1ea08bc25e8bb3
/Users/souvik/sample/weather/.git/objects/37/ddb07beaae394024b565c29cbb5e074e021767,28f65e65a583d809de35fbcdec4c2dfb
/Users/souvik/sample/weather/src/main/resources/log4j.properties,5df9d5317308bfdcd74737d35cb80523
/Users/souvik/sample/weather/.git/hooks/applypatch-msg.sample,9cc72dc973e24f9623bd3fe708f60ef5
/Users/souvik/sample/weather/target/classes/com/webaction/weather/Weather.class,fe3edb63b564c3cd413a4280c5b60505
/Users/souvik/sample/weather/src/main/java/com/webaction/weather/Weather.java,7fbf2614e3451d21543ab4ba4c1999b8
/Users/souvik/sample/weather/src/main/java/com/webaction/weather/weatherbean/Query.java,f4f66b9f88ba5ab0b1d6d4c1116ef6de
/Users/souvik/sample/weather/.git/objects/5e/7dfd52a1ebf6c5972bae78e0284cd858cfc03e,7e2974a560501941a43769c023aa8b9b
/Users/souvik/sample/weather/target/classes/com/webaction/weather/weatherbean/Location.class,03fecae72a44a590e6c8bf56a4fb6f45
/Users/souvik/sample/weather/.git/objects/80/00a1c0adfb7d3d559167d0da9776742361540d,16c34c287598d334ce84d3f51911ce6b
/Users/souvik/sample/weather/target/.DS_Store,a3bd2aca27d58a02b25c582a7806cd0e
/Users/souvik/sample/weather/.git/objects/4f/59b83d3b64bb760547eed3da250e09e0578a7b,433d13881ee00d7a52c7a336a53e3d94
/Users/souvik/sample/weather/.git/hooks/post-update.sample,2b7ea5cee3c49ff53d41e00785eb974c
/Users/souvik/sample/weather/.git/hooks/commit-msg.sample,579a3c1e12a1e74a98169175fb913012
/Users/souvik/sample/weather/src/main/java/com/webaction/weather/weatherbean/Results.java,c73dc3182e52f56993bb903cfcf9575d
/Users/souvik/sample/weather/target/maven-status/maven-compiler-plugin/compile/default-compile/createdFiles.lst,0fcb0f6a0e5ac91a50d0fbe2d049ba27
/Users/souvik/sample/weather/.git/HEAD,4cf2d64e44205fe628ddd534e1151b58
/Users/souvik/sample/weather/.git/objects/ff/36731c2b109a8c1cfb9e76749425aaea8b8259,83ec2393a37663be5a3458650f202041
/Users/souvik/sample/weather/.git/objects/8e/a562df1b04ec4e7c07df1427a07e8da4cdeb15,b84205ac6b5058baa4a87dc589b1d321
/Users/souvik/sample/weather/.git/objects/fb/fb927af4b94990658869d10f7bb050b4566d0a,c14e370955acbbbd3e016d80d4f19cba
/Users/souvik/sample/weather/.git/logs/HEAD,05e2c0f6ac0823e86ee34a41056258e3
/Users/souvik/sample/weather/.git/objects/1c/60dbbb49eea6b756663df07c699222fcece365,122012e38849db693e45eb71f8c64fc7
/Users/souvik/sample/weather/.git/objects/39/3c89964e6b4d2bc1a7279339a58f726ff62054,99a3a0db512ade40515dd4c3d731b492
/Users/souvik/sample/weather/.git/objects/87/07b87136e7db728a936187950f5d010913ecbb,e80b20d6ed654264f99c9a489ddcd413
/Users/souvik/sample/weather/src/main/java/com/webaction/weather/weatherbean/.DS_Store,2a934b2b0a80b05f792739df33277604
/Users/souvik/sample/weather/.git/logs/refs/remotes/origin/master,b454c636f19d317c8484788da04f044e
/Users/souvik/sample/weather/src/main/java/com/webaction/weather/YahooRetriever.java,3fd715d893082e17f1fb6cb7a2b47596
/Users/souvik/sample/weather/.git/objects/c4/38cd27c8ae410779d1f9cca92bd07e04ff858e,84615c3e0e5bb3d59680e644e7dfde47
/Users/souvik/sample/weather/velocity.log,009c51ca858d6bf9f354b8f975b0cb53
/Users/souvik/sample/weather/.git/objects/d0/762f3516876551b0bb8c2905006649352ac6a4,7708a4ab865f369f5d76b080b052f1f7
/Users/souvik/sample/weather/.git/objects/96/57d68ccf8869d720492b3350b795c97fd7ed90,bd40cc668772898a140ddc43a5e1690d
/Users/souvik/sample/weather/.git/objects/a1/f8ec41a5eccf4c66bbb642b726a01a6120ad48,3fa5d53a5506b0b8dbe08876e923b8eb
/Users/souvik/sample/weather/.git/objects/07/a84d309564f1302eec6d7decf34f31eb06a48c,5eb2cc09396d100d5ba8cb0632b2fe02
/Users/souvik/sample/weather/src/main/java/com/webaction/weather/weatherbean/Location.java,df5f4b1ec34adbcbf057de4fafb5fa62
/Users/souvik/sample/weather/.git/hooks/prepare-commit-msg.sample,7dfe15854212a30f346da5255c1d794b
/Users/souvik/sample/weather/src/main/java/com/webaction/weather/.DS_Store,81bdf9fafc2dbe91d78b79e9ad20a46b
/Users/souvik/sample/weather/.git/index,6a87fb8e99461a86a16fce0517ab6eac
/Users/souvik/sample/weather/.git/objects/4e/d0b9a8458bb58c8ea4b4fbbc153e1cfe34b4f5,3919e0766b431fe568cd655cf4141b1a
/Users/souvik/sample/weather/.git/objects/3b/76f0924ec98b32dd2d10497606a9a9a2569a3e,b6d7b738b4ec148df70fc71fd6d5018b
/Users/souvik/sample/weather/target/maven-archiver/pom.properties,bcc066f2eb11537de26a3db07a1ad82d
/Users/souvik/sample/weather/.git/objects/dd/eadaade74373749de9c99318b2607a4f3cae4f,d284ecd03701af161e28bc0ba766ed9e
/Users/souvik/sample/weather/.git/objects/d5/989cd595dedcbaca5beb54761f6f93934abb91,d0cd638859e3a66fdfea5630b6bbf9ac
/Users/souvik/sample/weather/.git/objects/3e/7a52edd7b0e7528ba797e4ed93fa4638fbe150,45517d2dc59854836ec37501c5c52027
/Users/souvik/sample/weather/target/classes/output.vm,73eb628bf2f6ac1b3000b3f3f2825c01
/Users/souvik/sample/weather/src/test/.DS_Store,be96679dc31257f6cbe96967cbe15944
/Users/souvik/sample/weather/.git/logs/refs/heads/master,05e2c0f6ac0823e86ee34a41056258e3
/Users/souvik/sample/weather/src/main/java/com/webaction/weather/weatherbean/Astronomy.java,ee7eca4fe7803e309b2014b87f6ae2e5
/Users/souvik/sample/weather/src/main/java/com/webaction/weather/weatherbean/Image.java,3ccba18235553ba15c30e1933cc39281
/Users/souvik/sample/weather/.git/objects/c2/d65efb4bd4979c8c90d868fb004315548aa37b,e5297a5cd58687478617954385d98e1d
/Users/souvik/sample/weather/target/classes/com/webaction/weather/weatherbean/Query.class,1cc096b782b016ef048bbf25418d626b
/Users/souvik/sample/weather/.git/objects/f6/6ba3f984c72e097ce4bf5521d0e955fd3bf7a6,4a2bc7bd7407d67b147d32fc94774b7c
/Users/souvik/sample/weather/.git/objects/58/abd3dea754cb005a83548220af36e36086d976,35410e32666df08ccc42fd48aa98158b
/Users/souvik/sample/weather/.git/objects/bc/d128eed80dac57a001c36e4e1fce465b665ca1,a5c67d0c28eca287040e81b3355d608e
/Users/souvik/sample/weather/.git/objects/d9/008aa058d295b9e157266de72702ceae9a72a7,68d05636ada153b8e1a69b64e91b97de
/Users/souvik/sample/weather/.git/objects/86/627ffc607d3de5d86b11a0bcfc7161d1f09730,4292cf2f93868ccaa34ae725d7ab42cb
/Users/souvik/sample/weather/.git/objects/00/5f0bf21557d1ea5bee93215cf3470c53d7d8a2,62905d8b630546d37bc58ecfbca4e44d
/Users/souvik/sample/weather/.git/objects/b5/11ecaeb0e1ab4a005ab594bb2697d6eddd2958,30329e0457f646b350627e5d2380db52
/Users/souvik/sample/weather/src/main/java/com/webaction/weather/WeatherFormatter.java,6379f1fa75b40d8d4a106f6e5473a81b
/Users/souvik/sample/weather/.git/objects/2c/d30dc6672b126ab4ac5784941701dadd1d40b8,bda0e4c4cd7623a6e503cce4638eff04
/Users/souvik/sample/weather/.git/hooks/pre-rebase.sample,81005745454846bb79cc3c7c0c57658d
/Users/souvik/sample/weather/src/main/java/com/webaction/weather/YahooParser.java,4827e4182a6cea0eaccca970450b9f36
/Users/souvik/sample/weather/.git/objects/67/44446fff578c860a1cc518ac0c0e756bb2bcc8,cff75ac802582f79877665dd31374179
/Users/souvik/sample/weather/target/classes/com/webaction/weather/Main.class,47db1ecae3d17cbaf7d51a91e51f2ded
/Users/souvik/sample/weather/.git/info/exclude,036208b4a1ab4a235d75c181e685e5a3
/Users/souvik/sample/weather/target/classes/com/webaction/weather/WeatherFormatter.class,1c998f745e617bc682d4af137629b0cc
/Users/souvik/sample/weather/.git/objects/1c/ffe05ebbb944ba90ee3b02535153137e13c6ab,42172710a0d636e5701ea5a63c0937f5
/Users/souvik/sample/weather/.git/objects/9f/57ce0292f35c7a4ef1f257cae7a812c11af348,25b2082dfc4ba746e53d9dd650575734
/Users/souvik/sample/weather/.git/objects/ce/350bf71f5d757412fb1b3cb5fe96a01ff2bf9b,6c9417b03acac88e38118de26a21b21c
/Users/souvik/sample/weather/pom.xml,fe78356752aa619813d7a02416d5cd0d
/Users/souvik/sample/weather/.git/objects/71/cad737ab592d363f7c02cbe7488fad93902e86,a0a01dc5ce2aa3880200ee5f80417eb2
/Users/souvik/sample/weather/target/classes/com/webaction/weather/weatherbean/Wind.class,f843a6e16843e470aac2b141c05593fe
/Users/souvik/sample/weather/.git/objects/e6/9de29bb2d1d6434b8b29ae775ad8c2e48c5391,c70c34cbeefd40e7c0149b7a0c2c64c2
/Users/souvik/sample/weather/target/maven-status/maven-compiler-plugin/testCompile/default-testCompile/inputFiles.lst,d41d8cd98f00b204e9800998ecf8427e
/Users/souvik/sample/weather/.git/objects/c7/a3f92d85138272a6400a9bbfbb758e7b5b4180,be405a36b88545b975eca23c609c0488
/Users/souvik/sample/weather/.git/hooks/pre-commit.sample,01b1688f97f94776baae85d77b06048b
/Users/souvik/sample/weather/.git/COMMIT_EDITMSG,c085f9acd3be1296f727b0ea4e7dda0d
/Users/souvik/sample/weather/.git/objects/4e/644ac17e4b3eb8a795ca74230a304e5cb22565,d4c3e52879028cbd9d1dd7f962ce04ae
/Users/souvik/sample/weather/.git/objects/62/4d4a06e8704fa24403cd08ec20688c4a91214f,b344c4d65b2b85b0ef9e3d3724af7510
/Users/souvik/sample/weather/src/main/resources/output.vm,73eb628bf2f6ac1b3000b3f3f2825c01
/Users/souvik/sample/weather/.git/objects/69/f4ab6180c785f314793f4b97db446caf3e2985,e198b2c8dabf35bf75c8cb03cf368b76
/Users/souvik/sample/weather/.git/refs/heads/master,8aa33db113fb18b45bb5a9f214ec4052
/Users/souvik/sample/weather/src/test/java/com/.DS_Store,90807d95bc40e1f2bb235be88fe10a9d
/Users/souvik/sample/weather/.DS_Store,22f321f2b0117b37fd38dc56b3ab540e
/Users/souvik/sample/weather/.git/objects/8e/c7cfe7823d894e5fc58959a0b110925dc7abdc,3aa71f9d9b1b4d07b109a2f6002f8e6c
/Users/souvik/sample/weather/.git/objects/42/7c7c589b5aa67f2671c20733ff4e789fa1c2eb,3b6211e8b6fde04a2ef1559a8ef15e6f
/Users/souvik/sample/weather/.git/objects/56/53dba53ed58f5b91383b048f7d0a87c43e4e80,5d73775213a72139044b39ae5587e2d9
/Users/souvik/sample/weather/.git/objects/8a/b1c82aab45dd11a45e57713020303596c673f3,f4ca8a31528678da8f0bdca5be011185
/Users/souvik/sample/weather/target/classes/com/webaction/weather/weatherbean/Astronomy.class,da843c9da23c88024c20a9d413919104
